Index,Concept1,Concept2,Value
1,concept1,concept2,0.6494687978073561
2,concept1,concept3,-0.271395957670612
3,concept1,concept4,-0.9298115662560069
4,concept1,concept5,0.11716747598119182
5,concept2,concept3,0.5024975400291396
6,concept2,concept4,0.9345945743911848
7,concept2,concept5,-0.32120344339032303
8,concept3,concept4,0.5474289779438044
9,concept3,concept5,0.9422853966177309
10,concept4,concept5,0.8465915348699935
